V,m_lorda,m,Volume,R,p1,p2,p3,p4,m_bottiglia,t
4,0.325,0.236,0.00023600000000000002,2.3600000000000001e-05,101.96,101.53,101.58,101.34,0.089,10
5,0.415,0.326,0.00032599999999999996,3.2599999999999993e-05,102.92,102.37,102.52,102.10,,
6,0.503,0.414,0.00041400000000000003,4.1400000000000003e-05,104.08,103.37,103.41,102.97,,
7,0.557,0.468,0.0004680000000000001,4.6800000000000013e-05,105.89,104.99,105.50,104.34,,
8,0.666,0.577,0.00057700000000000004,5.7700000000000007e-05,107.34,106.24,106.36,105.46,,
,,,,,,,,,,
,,,,,,,,,,
