V,m_lorda,m,Volume,R,p1,p2,p3,p4,m_bottiglia,t
4,0.325,0.236,0.000236,0.0000236,101.96,101.53,101.58,101.34,0.089,10
5,0.415,0.326,0.000326,0.0000326,102.92,102.37,102.52,102.10,,
6,0.503,0.414,0.000414,0.0000414,104.08,103.37,103.41,102.97,,
7,0.557,0.468,0.000468,0.0000468,105.89,104.99,105.50,104.34,,
8,0.666,0.577,0.000577,0.0000577,107.34,106.24,106.36,105.46,,